model_name,ACC,SEN,SPE
SVM_Morgen_Skin_sensitization,0.6960651289009498,0.6800804828973843,0.7291666666666666
SVM_Morgen_Eye_Irritaion,0.7561290322580645,0.7556221889055472,0.7592592592592593
SVM_MACCS_Eye_Irritaion,0.7741935483870968,0.7867528271405493,0.7243589743589743
SVM_MACCS_Skin_sensitization,0.6824966078697422,0.6857142857142857,0.6773049645390071
SVM_Mordred_Skin_sensitization,0.5468113975576662,0.5470668485675307,0.5
SVM_Mordred_Eye_Irritaion,0.6812903225806451,0.6835278858625162,0.25
